frame_name,activity,activity_confidence,person_id,bbox,confidence,face_detected,face_bbox,sentiment,sentiment_score,emotional_intensity
frame000001.png,phone_usage,0.22474993765354156,001,"[863, 318, 1240, 714]",0.9369449019432068,True,"[1084, 412, 1213, 593]",neutral,0.6728272535444048,0.5098198169238745
frame000001.png,phone_usage,0.22474993765354156,002,"[226, 4, 696, 712]",0.9138672947883606,True,"[508, 209, 678, 459]",sad,0.782127725793591,0.5915050912526199
frame000001.png,phone_usage,0.22474993765354156,003,"[509, 136, 927, 713]",0.8838731050491333,True,"[715, 242, 873, 473]",neutral,0.7683755170735787,0.6062155053827654
frame000001.png,phone_usage,0.22474993765354156,004,"[0, 97, 237, 713]",0.8694596886634827,True,"[7, 153, 220, 490]",angry,0.9980983869330862,0.991073571151071
frame000002.png,phone_usage,0.19259782135486603,001,"[863, 303, 1254, 714]",0.9398305416107178,True,"[1096, 399, 1222, 579]",neutral,0.6685031454700416,0.4490892158894999
frame000002.png,phone_usage,0.19259782135486603,002,"[214, 3, 685, 712]",0.9208602905273438,True,"[505, 180, 675, 437]",sad,0.8548838130644568,0.6974390344137064
frame000002.png,phone_usage,0.19259782135486603,003,"[506, 118, 936, 712]",0.9001004695892334,True,"[714, 224, 872, 452]",sad,0.7444605291743163,0.6001929358708211
frame000002.png,phone_usage,0.19259782135486603,004,"[0, 92, 232, 711]",0.8899726271629333,True,"[0, 172, 216, 493]",sad,0.9020712541979989,0.7421763352455588
frame000003.png,phone_usage,0.4458179771900177,001,"[860, 283, 1270, 714]",0.9317865967750549,True,"[1100, 368, 1235, 553]",sad,0.7474665027552169,0.622015124280862
frame000003.png,phone_usage,0.4458179771900177,002,"[207, 3, 679, 712]",0.9050353765487671,True,"[501, 150, 676, 408]",sad,0.7955904862258506,0.6468772044734593
frame000003.png,phone_usage,0.4458179771900177,003,"[506, 91, 954, 710]",0.8543097376823425,True,"[719, 194, 872, 423]",sad,0.5585286626459276,0.36995992484316453
frame000003.png,phone_usage,0.4458179771900177,004,"[0, 71, 233, 711]",0.8832864165306091,True,"[0, 152, 223, 477]",sad,0.9993834986264332,0.9965951579278551
frame000004.png,phone_usage,0.5571470856666565,001,"[849, 245, 1280, 710]",0.9346885085105896,True,"[1101, 324, 1239, 513]",sad,0.8556507497317477,0.6900644810301396
frame000004.png,phone_usage,0.5571470856666565,002,"[210, 4, 682, 713]",0.7871630787849426,True,"[499, 108, 671, 358]",neutral,0.8966637253267679,0.7902668337083145
frame000004.png,phone_usage,0.5571470856666565,003,"[514, 52, 991, 710]",0.8548890948295593,True,"[715, 151, 873, 379]",sad,0.5437200112271245,0.4434833698091192
frame000004.png,phone_usage,0.5571470856666565,004,"[0, 32, 246, 710]",0.9008294939994812,True,"[0, 101, 224, 447]",sad,0.9983063705337936,0.9915851822037651
frame000005.png,phone_usage,0.23478849232196808,001,"[832, 203, 1280, 707]",0.9226557612419128,True,"[1114, 291, 1234, 469]",neutral,0.9204911701854688,0.8127693668434953
frame000005.png,phone_usage,0.23478849232196808,002,"[243, 1, 722, 712]",0.9279359579086304,True,"[484, 51, 660, 310]",fear,0.5911283293787882,0.5756795238179095
frame000005.png,phone_usage,0.23478849232196808,003,"[503, 12, 1009, 712]",0.9105345010757446,True,"[711, 111, 874, 338]",sad,0.6756419284370361,0.4612147819744188
frame000005.png,phone_usage,0.23478849232196808,004,"[0, 5, 255, 710]",0.891533374786377,True,"[0, 44, 225, 401]",sad,0.98984645239348,0.9616486073269792
frame000006.png,phone_usage,0.3756478726863861,001,"[816, 158, 1280, 705]",0.906536877155304,True,"[1116, 246, 1236, 426]",neutral,0.8448320788828626,0.6653410836163907
frame000006.png,phone_usage,0.3756478726863861,002,"[254, 2, 738, 713]",0.6870341897010803,True,"[494, 11, 663, 266]",sad,0.6481018753845983,0.577024032799616
frame000006.png,phone_usage,0.3756478726863861,003,"[500, 0, 1014, 709]",0.8698983192443848,True,"[500, 8, 663, 266]",neutral,0.7161493680626178,0.6213096855354323
frame000006.png,phone_usage,0.3756478726863861,004,"[0, 0, 260, 709]",0.901079535484314,True,"[0, 0, 228, 356]",sad,0.9211072688193241,0.8055884863449914
frame000007.png,reading,0.08778342604637146,001,"[803, 112, 1280, 699]",0.8906514048576355,True,"[1112, 201, 1232, 386]",sad,0.5171024981391498,0.565639855276007
frame000007.png,reading,0.08778342604637146,002,"[298, 3, 795, 712]",0.7026978731155396,True,"[499, 3, 670, 247]",neutral,0.6180669581590769,0.5191661413323612
frame000007.png,reading,0.08778342604637146,004,"[0, 0, 264, 708]",0.8781077265739441,True,"[0, 0, 235, 353]",angry,0.5222447131593853,0.37979680513036806
frame000008.png,reading,0.1464349627494812,001,"[808, 73, 1280, 650]",0.8345088362693787,True,"[1110, 157, 1234, 340]",neutral,0.7200728422989109,0.5970739386505834
frame000008.png,reading,0.1464349627494812,004,"[0, 0, 271, 710]",0.7112194299697876,True,"[7, 0, 199, 291]",angry,0.9994441835346951,0.997009003344523
frame000008.png,reading,0.1464349627494812,003,"[502, 0, 1006, 694]",0.6975468993186951,True,"[707, 0, 871, 230]",neutral,0.46914883298577104,0.3603647391335455
frame000009.png,group_activity,0.07325605303049088,001,"[823, 56, 1280, 604]",0.7911379933357239,True,"[1113, 116, 1231, 296]",neutral,0.9935785861231884,0.9754901235039037
frame000009.png,group_activity,0.07325605303049088,003,"[583, 0, 1104, 699]",0.7490220665931702,True,"[700, 0, 869, 239]",sad,0.9990437152528946,0.9951940690979851
frame000009.png,group_activity,0.07325605303049088,002,"[275, 0, 777, 710]",0.6146814823150635,True,"[490, 0, 668, 249]",neutral,0.8400609351219728,0.6961088312392406
frame000010.png,reading,0.09772655367851257,001,"[808, 11, 1280, 605]",0.8128679394721985,True,"[1106, 71, 1228, 259]",neutral,0.4908074517048748,0.3606087877446935
frame000010.png,reading,0.09772655367851257,002,"[261, 0, 766, 705]",0.7904973030090332,True,"[486, 0, 651, 232]",sad,0.9999999999982958,1.000000000036712
frame000010.png,reading,0.09772655367851257,004,"[89, 0, 377, 707]",0.6175216436386108,True,"[89, 0, 254, 255]",sad,0.964392979080205,0.9038398741252193
frame000011.png,reading,0.10047361254692078,001,"[821, 0, 1280, 563]",0.7735145688056946,True,"[1087, 42, 1235, 246]",sad,0.9587631399826947,0.8657991310870565
frame000011.png,reading,0.10047361254692078,002,"[280, 0, 793, 700]",0.6246638298034668,True,"[466, 0, 615, 186]",sad,0.9999999597589987,0.9999995493580922
frame000011.png,reading,0.10047361254692078,003,"[610, 0, 1157, 703]",0.7097188234329224,True,"[687, 0, 858, 260]",sad,0.9999846998705927,0.9998850888934442
frame000012.png,reading,0.1266607642173767,001,"[827, 0, 1280, 550]",0.6926232576370239,True,"[1089, 38, 1237, 241]",sad,0.5501409301369832,0.5663205999242404
frame000012.png,reading,0.1266607642173767,002,"[306, 0, 836, 702]",0.7048385739326477,True,"[458, 0, 612, 185]",sad,0.9993012975872416,0.9963381470994574
frame000013.png,making_funny,0.16021546721458435,002,"[273, 58, 818, 713]",0.8923624753952026,True,"[395, 110, 664, 526]",happy,0.9845061864411597,0.9502774014747929
frame000014.png,making_funny,0.11231926083564758,002,"[325, 114, 897, 718]",0.9054855108261108,True,"[431, 163, 697, 586]",happy,0.9948194803985716,0.9798449044897729
frame000015.png,making_funny,0.10846003144979477,002,"[332, 152, 936, 719]",0.8837881684303284,True,"[432, 178, 690, 588]",happy,0.9655764570243018,0.9068658519217806
frame000016.png,making_funny,0.15495845675468445,002,"[201, 143, 841, 720]",0.9465439915657043,True,"[431, 143, 692, 547]",happy,0.959338217082332,0.8899371412553797
frame000017.png,making_funny,0.1729402244091034,002,"[152, 126, 837, 720]",0.9340212941169739,True,"[492, 126, 763, 557]",happy,0.4954518705398478,0.24993995741339559
frame000018.png,making_funny,0.1795210987329483,002,"[123, 121, 837, 720]",0.9358609318733215,True,"[486, 125, 743, 508]",neutral,0.7351637128052836,0.6155259374947042
frame000019.png,making_funny,0.17907871305942535,002,"[109, 135, 829, 720]",0.9342316389083862,True,"[491, 147, 743, 535]",happy,0.9999999262384446,0.999999185995361
frame000020.png,making_funny,0.16310638189315796,002,"[100, 149, 823, 720]",0.9379398822784424,True,"[483, 165, 739, 554]",happy,0.999998646061192,0.999987644532768
frame000021.png,making_funny,0.18152976036071777,002,"[73, 124, 839, 720]",0.9153345227241516,True,"[470, 130, 733, 533]",happy,0.9999998483090877,0.9999983685514704
frame000022.png,making_funny,0.10551398992538452,002,"[70, 126, 850, 720]",0.93683260679245,True,"[476, 133, 746, 541]",happy,0.9843212557054342,0.948199676899886
frame000023.png,making_funny,0.1279388666152954,002,"[64, 121, 862, 720]",0.9345327615737915,True,"[465, 133, 739, 546]",happy,0.9374430008993908,0.8519149896964926
frame000024.png,making_funny,0.0670970231294632,002,"[58, 110, 884, 720]",0.9320428967475891,True,"[474, 133, 756, 580]",neutral,0.5731749085619087,0.526744433285355
frame000025.png,,,,,,,,,,
frame000026.png,,,,,,,,,,
frame000027.png,,,,,,,,,,
frame000028.png,,,,,,,,,,
frame000029.png,,,,,,,,,,
frame000030.png,,,,,,,,,,
frame000031.png,,,,,,,,,,
frame000032.png,,,,,,,,,,
frame000033.png,,,,,,,,,,
frame000034.png,,,,,,,,,,
frame000035.png,,,,,,,,,,
frame000036.png,,,,,,,,,,
frame000037.png,,,,,,,,,,
frame000038.png,dancing,0.07282941043376923,002,"[99, 91, 975, 720]",0.9401763677597046,True,"[498, 92, 722, 390]",fear,0.5805843331992204,0.4844446178429558
frame000039.png,,,,,,,,,,
frame000040.png,,,,,,,,,,
frame000041.png,dancing,0.32770591974258423,002,"[141, 50, 1048, 720]",0.816270112991333,True,"[541, 150, 721, 417]",neutral,0.7123745441076018,0.5330398426603458
frame000042.png,anomaly,0.03967940807342529,002,"[349, 213, 1011, 720]",0.876880407333374,True,"[650, 320, 871, 626]",neutral,0.9477794823075308,0.8367746591066565
frame000043.png,dancing,0.07208172976970673,002,"[326, 125, 1084, 720]",0.9473583698272705,True,"[767, 143, 988, 468]",fear,0.92763705122043,0.8216402872644074
frame000044.png,dancing,0.11765413731336594,002,"[289, 60, 1136, 720]",0.9133599400520325,True,"[747, 60, 934, 313]",sad,0.9999872886697609,0.9999030679325167
frame000045.png,dancing,0.057506561279296875,002,"[297, 33, 1175, 720]",0.9359649419784546,True,"[760, 33, 967, 299]",angry,0.4333795131623866,0.1135437281827224
frame000046.png,dancing,0.16794317960739136,002,"[194, 24, 1066, 720]",0.8752120137214661,True,"[481, 24, 675, 276]",neutral,0.799012930943503,0.6069370920422774
frame000047.png,dancing,0.18326343595981598,002,"[89, 22, 945, 720]",0.9070736169815063,True,"[414, 54, 604, 319]",neutral,0.8092914982893358,0.6695258784043272
frame000048.png,dancing,0.20308752357959747,002,"[137, 86, 892, 720]",0.9310013651847839,True,"[325, 198, 494, 462]",sad,0.5140342544846247,0.27645576701538765
frame000049.png,standing,0.07605431973934174,002,"[231, 52, 1006, 720]",0.955251157283783,True,"[545, 70, 713, 301]",happy,0.9213472354073715,0.7730256132980077
frame000050.png,standing,0.09078991413116455,002,"[272, 40, 1041, 720]",0.9410293698310852,True,"[546, 70, 714, 301]",happy,0.905850648022333,0.7315696546805344
frame000051.png,standing,0.09655744582414627,002,"[293, 35, 1051, 720]",0.9550357460975647,True,"[551, 70, 717, 300]",happy,0.6397536086189582,0.32916982098417247
frame000052.png,standing,0.08703413605690002,002,"[306, 33, 1051, 720]",0.9539523720741272,True,"[553, 69, 720, 299]",happy,0.8287917920029738,0.5733319477425227
frame000053.png,standing,0.09453846514225006,002,"[315, 31, 1047, 720]",0.9535366296768188,True,"[553, 67, 722, 298]",happy,0.71741515041165,0.4077528203482498
frame000054.png,standing,0.0984998568892479,002,"[322, 31, 1041, 720]",0.9496603012084961,True,"[555, 67, 723, 297]",happy,0.9861558207758123,0.9434108113645727
frame000055.png,standing,0.09464317560195923,002,"[329, 30, 1036, 720]",0.9386439323425293,True,"[556, 64, 724, 296]",happy,0.9691426391564757,0.8887344717773313
frame000056.png,standing,0.09551794826984406,002,"[334, 29, 1031, 720]",0.9510457515716553,True,"[557, 63, 725, 294]",happy,0.942610347236197,0.8382228102403064
frame000057.png,standing,0.09350227564573288,002,"[338, 29, 1026, 720]",0.9472586512565613,True,"[556, 62, 725, 293]",happy,0.8769808117813442,0.7522121154229557
frame000058.png,standing,0.08294015377759933,002,"[342, 28, 1022, 720]",0.9370303750038147,True,"[555, 59, 725, 290]",happy,0.5125178052839146,0.2223593632650377
frame000059.png,standing,0.09035030007362366,002,"[344, 26, 1018, 720]",0.9395791888237,True,"[556, 58, 726, 289]",happy,0.8876049160535789,0.7784380494806822
frame000060.png,standing,0.0721912756562233,002,"[347, 24, 1016, 720]",0.9416037201881409,True,"[556, 55, 726, 289]",happy,0.9636832040182016,0.9017811932719974
frame000061.png,making_funny,0.07453440129756927,002,"[445, 49, 1109, 720]",0.9659268260002136,True,"[660, 184, 931, 619]",fear,0.8850957359618924,0.7777080898633009
frame000062.png,making_funny,0.07347110658884048,002,"[482, 59, 1155, 720]",0.9711835980415344,True,"[675, 183, 953, 611]",surprise,0.7491450978225598,0.5417000560647384
frame000063.png,making_funny,0.06331479549407959,002,"[421, 42, 1127, 720]",0.9591296911239624,True,"[603, 152, 878, 580]",surprise,0.9636943495057922,0.8840743868547867
frame000064.png,making_funny,0.06515920162200928,002,"[358, 32, 1087, 720]",0.9684629440307617,True,"[546, 142, 823, 570]",surprise,0.8131371409711563,0.6190956261464966
frame000065.png,making_funny,0.05703436955809593,002,"[336, 28, 1081, 720]",0.9635362029075623,True,"[555, 137, 830, 568]",fear,0.49625202461966,0.4928058194015792
frame000066.png,making_funny,0.04227634146809578,002,"[319, 25, 1077, 720]",0.9686002731323242,True,"[543, 131, 814, 548]",fear,0.6170748359264663,0.5453535330997192
frame000067.png,making_funny,0.049659546464681625,002,"[291, 25, 1059, 720]",0.9628116488456726,True,"[512, 135, 779, 548]",fear,0.7427743693942809,0.6245615933642094
frame000068.png,making_funny,0.06762118637561798,002,"[290, 24, 1066, 720]",0.9648110866546631,True,"[515, 127, 780, 535]",fear,0.7078431137835967,0.6216353826630636
frame000069.png,making_funny,0.05001599341630936,002,"[307, 25, 1089, 720]",0.9596803188323975,True,"[560, 131, 830, 539]",surprise,0.8187778810128475,0.704186516031692
frame000070.png,making_funny,0.07137203216552734,002,"[324, 24, 1112, 720]",0.9621291756629944,True,"[572, 126, 838, 532]",fear,0.7494143445649389,0.6498567760959524
frame000071.png,making_funny,0.06877518445253372,002,"[338, 24, 1132, 720]",0.9596465229988098,True,"[588, 129, 855, 533]",fear,0.5724691223785137,0.5745573785215942
frame000072.png,making_funny,0.06066659465432167,002,"[354, 24, 1152, 720]",0.9645369648933411,True,"[605, 130, 878, 530]",surprise,0.8411310703955293,0.7277063077317268
frame000073.png,resting,0.31322312355041504,002,"[284, 78, 1075, 717]",0.7395538091659546,True,"[462, 178, 979, 502]",neutral,0.7847710005330834,0.5834768813575135
frame000074.png,resting,0.2531978189945221,002,"[239, 96, 1058, 719]",0.6114127039909363,True,"[439, 181, 974, 507]",fear,0.4393006719763797,0.34233057662216004
frame000075.png,resting,0.22782209515571594,002,"[212, 100, 1068, 719]",0.6655328869819641,True,"[455, 177, 970, 500]",sad,0.6173991151345359,0.42789909037363216
frame000076.png,resting,0.24230128526687622,002,"[186, 99, 1082, 719]",0.7019793391227722,True,"[447, 175, 969, 494]",sad,0.6349330736738759,0.440197590045156
frame000077.png,resting,0.23203635215759277,002,"[172, 98, 1096, 712]",0.7055806517601013,True,"[454, 174, 973, 495]",neutral,0.9305148502081182,0.799771001877785
frame000078.png,resting,0.28509607911109924,002,"[152, 94, 1119, 716]",0.7164302468299866,True,"[443, 172, 980, 497]",neutral,0.8417786168956425,0.6582624753231432
frame000079.png,resting,0.27770334482192993,002,"[133, 86, 1137, 714]",0.7028871774673462,True,"[441, 172, 978, 499]",neutral,0.4632658565059391,0.37608396803271027
frame000080.png,resting,0.3426037132740021,002,"[121, 87, 1150, 715]",0.6833681464195251,True,"[447, 168, 983, 492]",neutral,0.7182182261671965,0.5185390326393573
frame000081.png,resting,0.23134730756282806,002,"[100, 80, 1164, 718]",0.7049819827079773,True,"[453, 160, 986, 487]",neutral,0.963129352430726,0.8856447676183243
frame000082.png,resting,0.3235824704170227,002,"[79, 70, 1176, 719]",0.7220859527587891,True,"[481, 142, 970, 471]",sad,0.7945924875021615,0.5837201095943076
frame000083.png,resting,0.2893783450126648,002,"[72, 68, 1190, 719]",0.731235146522522,True,"[476, 139, 962, 461]",fear,0.734399594854539,0.5806380511458267
frame000084.png,resting,0.2601846754550934,002,"[72, 69, 1199, 717]",0.6141498684883118,True,"[495, 141, 970, 462]",sad,0.899008357280097,0.7901772358066278
frame000085.png,standing,0.05200400948524475,002,"[40, 39, 1223, 719]",0.9468219876289368,True,"[361, 39, 912, 718]",neutral,0.999793671893997,0.998689766364266
frame000086.png,standing,0.03371499478816986,002,"[33, 29, 1237, 719]",0.935880720615387,True,"[363, 29, 916, 718]",neutral,0.9997138676483055,0.9982499028242277
frame000087.png,standing,0.04224095493555069,002,"[19, 26, 1229, 719]",0.9403302669525146,True,"[333, 26, 889, 718]",angry,0.4574559625918038,0.3390534494964821
frame000088.png,making_funny,0.06141466274857521,002,"[30, 24, 1243, 720]",0.9403438568115234,True,"[350, 24, 867, 639]",angry,0.8520104884449766,0.709820822517387
frame000089.png,making_funny,0.03880395367741585,002,"[31, 24, 1245, 720]",0.942041277885437,True,"[377, 24, 901, 719]",neutral,0.9947083530428856,0.9793127254059282
frame000090.png,making_funny,0.04185715690255165,002,"[30, 23, 1241, 720]",0.9030882716178894,True,"[383, 23, 919, 719]",neutral,0.7445083324009198,0.5070314746901884
frame000091.png,making_funny,0.023648729547858238,002,"[32, 23, 1243, 720]",0.9453426003456116,True,"[361, 23, 927, 719]",neutral,0.9981993649339739,0.9913662263210008
frame000092.png,making_funny,0.04018501192331314,002,"[30, 24, 1240, 720]",0.9411418437957764,True,"[380, 24, 953, 719]",angry,0.5229172994588795,0.48443094296254374
frame000093.png,making_funny,0.03920849785208702,002,"[28, 24, 1239, 720]",0.9486293792724609,True,"[365, 24, 933, 719]",neutral,0.7083026674926649,0.5410879079232127
frame000094.png,reading,0.043646153062582016,002,"[33, 24, 1245, 720]",0.9442306160926819,True,"[352, 24, 904, 719]",neutral,0.99983692538088,0.998978544184577
frame000095.png,standing,0.02227887138724327,002,"[44, 24, 1255, 720]",0.9429759979248047,True,"[285, 24, 888, 719]",neutral,0.5959739227078422,0.37429010270419283
frame000096.png,standing,0.030102429911494255,002,"[46, 25, 1257, 720]",0.9435905814170837,True,"[318, 25, 893, 719]",neutral,0.9485627255361947,0.8695154144313606
frame000097.png,making_funny,0.07475711405277252,002,"[75, 32, 1213, 720]",0.9583960771560669,True,"[548, 92, 709, 317]",neutral,0.9840969789385676,0.939625986471354
frame000098.png,making_funny,0.12261142581701279,002,"[102, 33, 1185, 720]",0.9576046466827393,True,"[548, 87, 710, 315]",happy,0.9171206634258675,0.8117825245520327
frame000099.png,making_funny,0.15996424853801727,002,"[131, 31, 1169, 720]",0.9582061171531677,True,"[573, 83, 732, 316]",sad,0.5327748120001252,0.2898488205290636
frame000100.png,making_funny,0.08239094913005829,002,"[160, 54, 1123, 720]",0.9598549008369446,True,"[575, 119, 736, 359]",happy,0.9977696895902352,0.9889491951040448
frame000101.png,making_funny,0.0944766029715538,002,"[242, 175, 1016, 720]",0.9439100623130798,True,"[560, 302, 725, 546]",happy,0.999989991612614,0.9999172255809781
frame000102.png,making_funny,0.1133037582039833,002,"[261, 188, 998, 720]",0.9489248991012573,True,"[575, 247, 742, 489]",happy,0.9999987382112321,0.9999878948357115
frame000103.png,making_funny,0.07685326784849167,002,"[221, 101, 1048, 720]",0.9543081521987915,True,"[613, 114, 777, 343]",happy,0.9999998453409394,0.9999983664078798
frame000104.png,making_funny,0.10574763268232346,002,"[218, 60, 1068, 720]",0.9580817222595215,True,"[608, 92, 767, 316]",happy,0.9742388554214994,0.9196664691797426
frame000105.png,making_funny,0.1071334108710289,002,"[233, 46, 1072, 720]",0.9586669206619263,True,"[609, 94, 766, 325]",surprise,0.9840017781770317,0.9417590094830718
frame000106.png,making_funny,0.10415101796388626,002,"[240, 39, 1063, 720]",0.9632334113121033,True,"[602, 93, 761, 316]",happy,0.8326684554953487,0.6863767417040056
frame000107.png,making_funny,0.09909792244434357,002,"[248, 33, 1052, 720]",0.9587129354476929,True,"[588, 91, 746, 313]",happy,0.5514499870231497,0.35186126401872897
frame000108.png,making_funny,0.1818593293428421,002,"[257, 31, 1041, 720]",0.9582262635231018,True,"[580, 88, 737, 322]",surprise,0.7277566135408894,0.6154298451851057
frame000109.png,standing,0.06791344285011292,002,"[262, 33, 1065, 720]",0.9519050717353821,True,"[518, 114, 821, 546]",neutral,0.7630262541020546,0.5438203373688969
frame000110.png,making_funny,0.054936349391937256,002,"[260, 35, 1079, 720]",0.9468311667442322,True,"[522, 79, 829, 511]",neutral,0.9553233015231792,0.8665623948518768
frame000111.png,making_funny,0.06763116270303726,002,"[252, 36, 1088, 720]",0.948139488697052,True,"[515, 113, 824, 541]",neutral,0.9492316339000215,0.8490212346170831
frame000112.png,making_funny,0.04562712833285332,002,"[247, 41, 1092, 720]",0.949820876121521,True,"[510, 108, 809, 525]",neutral,0.7107890685510789,0.5552302177507165
frame000113.png,standing,0.03946857154369354,002,"[239, 41, 1098, 720]",0.9461554884910583,True,"[504, 107, 801, 523]",neutral,0.882576243725548,0.7217286618809058
frame000114.png,making_funny,0.15469075739383698,002,"[229, 44, 1096, 720]",0.9452617168426514,True,"[495, 85, 789, 513]",angry,0.5183729490533392,0.5546582701434337
frame000115.png,,,,,,,,,,
frame000116.png,standing,0.07803429663181305,002,"[223, 60, 1044, 720]",0.9118106961250305,True,"[552, 166, 898, 621]",fear,0.530868426973458,0.3869324213030183
frame000117.png,standing,0.061390284448862076,002,"[232, 68, 1024, 720]",0.9013736844062805,True,"[523, 172, 848, 605]",sad,0.6552306650017484,0.5088425769927705
frame000118.png,,,,,,,,,,
frame000119.png,,,,,,,,,,
frame000120.png,standing,0.07810164988040924,002,"[254, 71, 1027, 720]",0.8561170101165771,True,"[439, 169, 762, 580]",happy,0.7019406694877175,0.49261544362144416
frame000121.png,standing,0.1085074171423912,002,"[280, 70, 1033, 720]",0.9017131924629211,True,"[387, 181, 717, 627]",fear,0.6809842176431943,0.5450219283196596
frame000122.png,computer_work,0.06784482300281525,002,"[275, 68, 1013, 720]",0.9321890473365784,True,"[378, 180, 675, 610]",happy,0.9961261205434069,0.9812931185817663
frame000123.png,medical,0.09568948298692703,002,"[397, 161, 1003, 710]",0.9106916189193726,True,"[745, 207, 834, 329]",angry,0.47406795167119964,0.42162400628145913
frame000124.png,medical,0.05298828333616257,002,"[438, 190, 999, 714]",0.9053906202316284,True,"[749, 200, 837, 318]",angry,0.4189029349306976,0.22558093964068882
frame000125.png,medical,0.12722918391227722,002,"[452, 196, 997, 716]",0.9078671336174011,True,"[743, 196, 833, 322]",angry,0.4167416454569616,0.32938307613931594
frame000126.png,medical,0.09614280611276627,002,"[459, 195, 995, 719]",0.8569320440292358,True,"[730, 195, 820, 320]",angry,0.36031947313816687,0.19459962298726008
frame000127.png,medical,0.1051173210144043,002,"[482, 195, 1003, 719]",0.7490171194076538,True,"[712, 195, 801, 322]",fear,0.9447252221987593,0.8296621727478076
frame000128.png,medical,0.1308922916650772,002,"[488, 253, 946, 718]",0.7993584871292114,False,,,,
frame000129.png,medical,0.10286807268857956,002,"[489, 276, 924, 719]",0.8367212414741516,False,,,,
frame000130.png,medical,0.1476048082113266,002,"[486, 277, 918, 719]",0.8742236495018005,False,,,,
frame000131.png,medical,0.19968684017658234,002,"[483, 274, 916, 720]",0.8744046688079834,False,,,,
frame000132.png,medical,0.11848119646310806,002,"[479, 269, 916, 720]",0.8553298115730286,False,,,,
frame000133.png,medical,0.1775893270969391,002,"[551, 210, 1026, 720]",0.9041303992271423,True,"[682, 210, 783, 340]",angry,0.728868141210381,0.6124466067321509
frame000134.png,medical,0.1766890436410904,002,"[508, 235, 963, 720]",0.8551777005195618,False,,,,
frame000135.png,medical,0.07296910136938095,002,"[508, 284, 921, 716]",0.9071024060249329,True,"[810, 317, 850, 368]",sad,0.9219763209376599,0.8084515747356423
frame000136.png,medical,0.10159749537706375,002,"[504, 300, 909, 715]",0.9092065691947937,True,"[814, 313, 854, 362]",sad,0.9487652437610983,0.8461898744241421
frame000136.png,medical,0.10159749537706375,005,"[533, 234, 789, 562]",0.9366496205329895,True,"[656, 252, 695, 312]",fear,0.5786045069385293,0.5474480578086995
frame000137.png,medical,0.07918056100606918,002,"[499, 303, 910, 716]",0.9234696626663208,True,"[816, 310, 858, 359]",happy,0.8688017935122521,0.7166269156436745
frame000137.png,medical,0.07918056100606918,005,"[538, 232, 791, 557]",0.9035643935203552,True,"[666, 251, 707, 313]",sad,0.8263320981343953,0.7124463171718541
frame000138.png,medical,0.07253623753786087,002,"[497, 302, 916, 716]",0.9240707755088806,True,"[819, 307, 861, 358]",neutral,0.5103582487054111,0.34343304935112773
frame000138.png,medical,0.07253623753786087,005,"[542, 228, 804, 567]",0.8581042885780334,True,"[667, 248, 710, 313]",sad,0.9532093673950519,0.8820908941833014
frame000139.png,medical,0.07168940454721451,002,"[499, 301, 925, 715]",0.9200853109359741,True,"[823, 305, 867, 356]",neutral,0.9620008597354045,0.8726147692276893
frame000139.png,medical,0.07168940454721451,005,"[567, 228, 828, 566]",0.8177782893180847,True,"[669, 247, 712, 313]",sad,0.9582566959789778,0.8763303748749711
frame000140.png,medical,0.09061829745769501,002,"[498, 299, 933, 715]",0.9169523119926453,True,"[828, 303, 871, 353]",sad,0.5686494063142913,0.2273053768733826
frame000140.png,medical,0.09061829745769501,005,"[596, 232, 848, 554]",0.8527594208717346,True,"[678, 254, 720, 320]",fear,0.7262883328981594,0.5835660860743008
frame000141.png,medical,0.09937017410993576,002,"[497, 294, 941, 714]",0.8951473236083984,True,"[833, 299, 878, 349]",sad,0.6457107241291103,0.41861159491506894
frame000141.png,medical,0.09937017410993576,005,"[609, 238, 854, 548]",0.8590893745422363,True,"[689, 259, 731, 324]",angry,0.7892187913048232,0.5402262357299839
frame000142.png,medical,0.12071551382541656,002,"[496, 292, 949, 714]",0.9123720526695251,True,"[696, 292, 738, 345]",neutral,0.3779212107813801,0.18641685573321187
frame000142.png,medical,0.12071551382541656,005,"[612, 242, 855, 547]",0.857952356338501,True,"[699, 262, 740, 326]",neutral,0.813791269143445,0.6809747724478039
frame000143.png,medical,0.11499638110399246,002,"[496, 292, 955, 715]",0.898007333278656,True,"[835, 295, 885, 353]",sad,0.5489293651096511,0.4996355168643456
frame000143.png,medical,0.11499638110399246,005,"[611, 241, 858, 548]",0.8448410630226135,True,"[704, 261, 746, 325]",sad,0.6725396718846294,0.5767310512130992
frame000144.png,medical,0.08551250398159027,002,"[499, 291, 963, 715]",0.9168818593025208,True,"[834, 296, 877, 348]",sad,0.559009436050899,0.49875427103549264
frame000144.png,medical,0.08551250398159027,005,"[606, 237, 859, 550]",0.8817377686500549,True,"[708, 256, 749, 322]",happy,0.5120153286497598,0.32990547166253137
frame000145.png,medical,0.08563342690467834,002,"[502, 293, 970, 715]",0.9220532178878784,True,"[709, 293, 750, 351]",neutral,0.4995809096770687,0.3518492133382516
frame000145.png,medical,0.08563342690467834,005,"[599, 233, 856, 551]",0.896651029586792,True,"[712, 255, 752, 321]",sad,0.8698601839728283,0.7109223701033336
frame000146.png,medical,0.1319883018732071,002,"[502, 294, 974, 715]",0.9200511574745178,True,"[712, 294, 753, 355]",sad,0.6013667164640162,0.40436065542784483
frame000146.png,medical,0.1319883018732071,005,"[595, 233, 853, 553]",0.8990333676338196,True,"[714, 256, 755, 324]",fear,0.8233293119147023,0.6340612812695352
frame000147.png,,,,,,,,,,
frame000148.png,,,,,,,,,,
frame000149.png,medical,0.06586316972970963,007,"[453, 402, 559, 719]",0.8847019076347351,False,,,,
frame000149.png,medical,0.06586316972970963,002,"[580, 426, 903, 717]",0.8775420784950256,False,,,,
frame000150.png,medical,0.0792279988527298,007,"[485, 391, 594, 717]",0.8453124761581421,False,,,,
frame000150.png,medical,0.0792279988527298,002,"[600, 443, 906, 715]",0.8972113728523254,True,"[841, 455, 867, 492]",neutral,0.4349686462342929,0.10835997991248181
frame000151.png,medical,0.06880886852741241,007,"[525, 383, 638, 719]",0.844776451587677,True,"[604, 391, 629, 432]",sad,0.6180063678389345,0.4218449883990316
frame000151.png,medical,0.06880886852741241,002,"[600, 443, 905, 713]",0.8783277273178101,False,,,,
frame000152.png,medical,0.0690208151936531,007,"[550, 375, 665, 718]",0.8413938283920288,True,"[629, 388, 650, 424]",sad,0.9999516820779635,0.999671521708284
frame000152.png,medical,0.0690208151936531,002,"[588, 435, 905, 714]",0.8972667455673218,False,,,,
frame000153.png,medical,0.09354482591152191,007,"[591, 367, 699, 682]",0.8209790587425232,True,"[652, 380, 670, 412]",neutral,0.9135843712917469,0.8159264352185398
frame000153.png,medical,0.09354482591152191,002,"[577, 428, 902, 711]",0.8847717642784119,False,,,,
frame000154.png,medical,0.22906126081943512,007,"[623, 359, 725, 654]",0.760631263256073,False,,,,
frame000154.png,medical,0.22906126081943512,002,"[572, 420, 908, 712]",0.9024373292922974,True,"[833, 422, 865, 463]",neutral,0.6452659776975618,0.2702757271819569
frame000155.png,medical,0.23088113963603973,007,"[643, 356, 734, 614]",0.8034936785697937,False,,,,
frame000155.png,medical,0.23088113963603973,002,"[567, 412, 912, 711]",0.9153071641921997,False,,,,
frame000156.png,medical,0.2605501711368561,007,"[651, 340, 738, 582]",0.7201326489448547,False,,,,
frame000156.png,medical,0.2605501711368561,002,"[563, 403, 919, 711]",0.9102381467819214,True,"[835, 408, 865, 449]",neutral,0.6938939335384269,0.39624718508563916
frame000157.png,medical,0.2829954922199249,007,"[654, 329, 740, 568]",0.7152855396270752,True,"[685, 358, 711, 398]",sad,0.8033159024385798,0.6550475008927685
frame000157.png,medical,0.2829954922199249,002,"[557, 395, 923, 712]",0.9151037931442261,True,"[834, 400, 866, 443]",neutral,0.6769725593459408,0.3987976938285983
frame000158.png,medical,0.13416558504104614,007,"[647, 320, 735, 562]",0.7841646671295166,True,"[670, 352, 698, 392]",sad,0.5907718247558758,0.43066557195732036
frame000158.png,medical,0.13416558504104614,002,"[548, 386, 922, 710]",0.9221789240837097,True,"[830, 391, 862, 434]",neutral,0.8564094420748253,0.6732170921919214
frame000159.png,medical,0.0617031529545784,002,"[407, 211, 993, 716]",0.9290339350700378,True,"[609, 211, 782, 428]",angry,0.970154218391234,0.9063966774455281
frame000160.png,medical,0.06022341549396515,002,"[366, 150, 1025, 718]",0.9230400323867798,True,"[618, 165, 775, 374]",fear,0.46550791071402836,0.15699759490357357
frame000161.png,computer_work,0.15206404030323029,002,"[516, 192, 1107, 715]",0.9288827180862427,True,"[1068, 314, 1106, 379]",sad,0.9920559742889552,0.9686465288461833
frame000161.png,computer_work,0.15206404030323029,007,"[630, 284, 751, 590]",0.72194504737854,True,"[701, 333, 744, 385]",sad,0.9943650064634773,0.975758718239707
frame000162.png,group_activity,0.23557794094085693,002,"[556, 210, 1108, 714]",0.927702009677887,True,"[1040, 313, 1085, 379]",sad,0.5977078783834611,0.5531995103101547
frame000162.png,group_activity,0.23557794094085693,008,"[976, 288, 1206, 454]",0.688226044178009,True,"[1042, 313, 1084, 379]",sad,0.9988933416705317,0.9942045874735703
frame000162.png,group_activity,0.23557794094085693,007,"[595, 277, 723, 593]",0.6811866760253906,True,"[675, 326, 714, 382]",happy,0.6680243633352151,0.5333606199985785
frame000163.png,computer_work,0.36721372604370117,002,"[541, 216, 1072, 713]",0.9315419793128967,True,"[1026, 310, 1070, 377]",sad,0.6363460493253565,0.47341357247127525
frame000163.png,computer_work,0.36721372604370117,008,"[915, 286, 1252, 533]",0.6357496380805969,True,"[1026, 309, 1068, 376]",sad,0.8717305656626912,0.7607505690291125
frame000163.png,computer_work,0.36721372604370117,007,"[562, 277, 695, 593]",0.8146709203720093,True,"[647, 326, 686, 379]",sad,0.5045151037034444,0.49538369805864824
frame000164.png,computer_work,0.25350287556648254,002,"[512, 220, 1027, 714]",0.9388988614082336,True,"[619, 326, 662, 384]",happy,0.9347366847657685,0.8358335453138749
frame000164.png,computer_work,0.25350287556648254,008,"[868, 283, 1248, 563]",0.778558611869812,True,"[1011, 302, 1054, 369]",sad,0.9996541420718942,0.9980600940692534
frame000164.png,computer_work,0.25350287556648254,007,"[530, 278, 665, 590]",0.8480867147445679,True,"[619, 329, 661, 382]",neutral,0.5534681467236466,0.5232457420944833
frame000165.png,computer_work,0.3191988468170166,002,"[476, 220, 979, 713]",0.9308648705482483,False,,,,
frame000165.png,computer_work,0.3191988468170166,008,"[836, 276, 1228, 570]",0.7021755576133728,True,"[1002, 294, 1046, 363]",sad,0.9971414183649692,0.9874627619861243
frame000165.png,computer_work,0.3191988468170166,007,"[498, 278, 635, 587]",0.7474381327629089,True,"[594, 324, 634, 380]",sad,0.7052696639519792,0.5882892402430109
frame000166.png,computer_work,0.15043766796588898,002,"[430, 216, 927, 713]",0.9338421821594238,False,,,,
frame000166.png,computer_work,0.15043766796588898,008,"[819, 279, 1197, 566]",0.8164159059524536,True,"[965, 309, 1009, 373]",sad,0.9565051984404556,0.8874276269900981
frame000167.png,computer_work,0.2791036367416382,002,"[388, 213, 878, 713]",0.9305236339569092,False,,,,
frame000167.png,computer_work,0.2791036367416382,008,"[805, 276, 1162, 553]",0.8177223205566406,True,"[943, 301, 984, 366]",sad,0.9969218462275029,0.9864646439218552
frame000168.png,computer_work,0.2905241549015045,002,"[346, 210, 829, 713]",0.9266384840011597,True,"[556, 282, 628, 409]",fear,0.8051573166818506,0.6898613058186487
frame000168.png,computer_work,0.2905241549015045,008,"[790, 273, 1131, 542]",0.8662624359130859,True,"[927, 297, 968, 362]",sad,0.9995002192647003,0.9973153652814124
frame000169.png,computer_work,0.2108311504125595,002,"[299, 208, 775, 713]",0.9266761541366577,True,"[499, 283, 570, 404]",angry,0.37614970209206106,0.3193393010659664
frame000169.png,computer_work,0.2108311504125595,008,"[776, 271, 1093, 523]",0.866886556148529,True,"[906, 289, 948, 359]",sad,0.988290476886649,0.9595638086361
frame000170.png,group_activity,0.1441953033208847,002,"[257, 208, 725, 714]",0.9404861330986023,False,,,,
frame000170.png,group_activity,0.1441953033208847,008,"[753, 269, 1069, 525]",0.875942587852478,True,"[882, 288, 924, 358]",sad,0.9995121517993525,0.9972042994237055
frame000170.png,group_activity,0.1441953033208847,007,"[528, 249, 621, 439]",0.83447265625,False,,,,
frame000171.png,computer_work,0.16810722649097443,002,"[217, 212, 674, 713]",0.9365866780281067,True,"[413, 285, 484, 407]",happy,0.905712026203883,0.7684566061528584
frame000171.png,computer_work,0.16810722649097443,008,"[731, 271, 1045, 530]",0.8892853260040283,True,"[860, 296, 901, 363]",sad,0.7605615176026469,0.5977217099400294
frame000171.png,computer_work,0.16810722649097443,007,"[508, 249, 605, 428]",0.8541823625564575,False,,,,
frame000172.png,group_activity,0.15926706790924072,002,"[178, 213, 628, 713]",0.932156503200531,True,"[381, 290, 450, 402]",angry,0.5617729952898309,0.4079518108053658
frame000172.png,group_activity,0.15926706790924072,008,"[713, 273, 1027, 538]",0.9114579558372498,True,"[840, 296, 880, 363]",sad,0.999839761015878,0.9989863684379973
frame000172.png,group_activity,0.15926706790924072,007,"[492, 249, 596, 424]",0.8642840385437012,False,,,,
frame000173.png,computer_work,0.16292168200016022,002,"[125, 214, 513, 648]",0.9002935886383057,True,"[265, 273, 325, 367]",neutral,0.9966216202027106,0.9845515607607486
frame000173.png,computer_work,0.16292168200016022,008,"[755, 272, 1087, 563]",0.8053734302520752,True,"[905, 313, 946, 356]",neutral,0.9702317048043207,0.9037390585245562
frame000173.png,computer_work,0.16292168200016022,007,"[436, 260, 560, 461]",0.8153236508369446,True,"[501, 298, 545, 348]",neutral,0.9901769550780827,0.9617317399928914
frame000174.png,group_activity,0.2024109959602356,002,"[104, 216, 461, 615]",0.8961151242256165,True,"[252, 274, 311, 368]",neutral,0.6595275021117634,0.5125845596299243
frame000174.png,group_activity,0.2024109959602356,008,"[776, 273, 1109, 576]",0.8355676531791687,True,"[912, 316, 954, 359]",fear,0.6741914915820598,0.4042831099282804
frame000174.png,group_activity,0.2024109959602356,007,"[418, 265, 554, 479]",0.8132228851318359,True,"[505, 305, 546, 355]",neutral,0.46484443468273295,0.3466471396992732
frame000174.png,group_activity,0.2024109959602356,011,"[638, 240, 759, 398]",0.8021171689033508,True,"[702, 262, 727, 308]",fear,0.6044423906070349,0.5827783806130553
frame000175.png,computer_work,0.14552493393421173,002,"[100, 218, 443, 600]",0.8999862670898438,True,"[247, 274, 307, 370]",neutral,0.4996547228858015,0.505043916669889
frame000175.png,computer_work,0.14552493393421173,008,"[800, 275, 1125, 582]",0.8484207987785339,True,"[928, 318, 969, 361]",neutral,0.5133429151656027,0.38233582620563866
frame000175.png,computer_work,0.14552493393421173,007,"[419, 269, 560, 487]",0.8719083666801453,True,"[518, 307, 559, 359]",sad,0.9924793195202827,0.9694600373210471
frame000175.png,computer_work,0.14552493393421173,011,"[653, 243, 772, 398]",0.7328687310218811,True,"[722, 264, 748, 312]",sad,0.8838279943037846,0.7664557668843237
frame000176.png,group_activity,0.10449694097042084,002,"[117, 216, 456, 588]",0.8888555765151978,True,"[250, 269, 309, 364]",neutral,0.8971593502964369,0.7799654053022523
frame000176.png,group_activity,0.10449694097042084,008,"[824, 276, 1142, 587]",0.799254834651947,True,"[950, 318, 991, 362]",fear,0.9624275843207998,0.8786666577204737
frame000176.png,group_activity,0.10449694097042084,007,"[431, 271, 576, 492]",0.8062093257904053,True,"[537, 307, 575, 359]",sad,0.9052003682973071,0.7729914214341576
frame000176.png,group_activity,0.10449694097042084,011,"[679, 243, 798, 397]",0.6733261942863464,True,"[749, 273, 770, 312]",sad,0.9989141371081619,0.9942545250255568
frame000177.png,group_activity,0.11235321313142776,002,"[129, 216, 470, 586]",0.8988765478134155,True,"[265, 270, 327, 367]",neutral,0.6550280878756155,0.51201062076207
frame000177.png,group_activity,0.11235321313142776,008,"[852, 276, 1164, 593]",0.7617961168289185,True,"[971, 318, 1013, 361]",fear,0.5215565510199194,0.46828079987283877
frame000177.png,group_activity,0.11235321313142776,007,"[446, 271, 595, 494]",0.8199983239173889,True,"[552, 305, 594, 359]",sad,0.9729906987129056,0.918820017687579
frame000177.png,group_activity,0.11235321313142776,011,"[703, 244, 819, 395]",0.8298643231391907,True,"[770, 273, 792, 312]",sad,0.9769398720723792,0.9317062305409286
frame000178.png,group_activity,0.07718361169099808,002,"[138, 218, 483, 589]",0.9102416038513184,True,"[279, 276, 343, 374]",neutral,0.9025517607235966,0.7606592572305166
frame000178.png,group_activity,0.07718361169099808,008,"[880, 277, 1179, 592]",0.7896528840065002,True,"[990, 321, 1033, 363]",fear,0.9020732683308356,0.7547843704165973
frame000178.png,group_activity,0.07718361169099808,007,"[462, 270, 616, 496]",0.8167890310287476,True,"[566, 302, 610, 358]",fear,0.5640978476785741,0.364427310539832
frame000178.png,group_activity,0.07718361169099808,011,"[723, 245, 839, 395]",0.7526957988739014,True,"[790, 275, 812, 313]",sad,0.9831632779975807,0.9443139414829416
frame000179.png,computer_work,0.10343677550554276,002,"[149, 218, 498, 592]",0.9009055495262146,True,"[292, 277, 358, 375]",neutral,0.805509613113057,0.615492733332065
frame000179.png,computer_work,0.10343677550554276,008,"[904, 278, 1200, 599]",0.6821655631065369,True,"[1016, 321, 1059, 364]",neutral,0.5083406496844164,0.35806466681792615
frame000179.png,computer_work,0.10343677550554276,007,"[483, 270, 639, 496]",0.802757978439331,True,"[588, 304, 633, 359]",neutral,0.5915896109901198,0.48788999436900216
frame000179.png,computer_work,0.10343677550554276,011,"[749, 244, 867, 397]",0.7801179885864258,True,"[817, 271, 837, 309]",angry,0.9338968997767002,0.8146211310123779
frame000180.png,computer_work,0.12463242560625076,002,"[158, 217, 513, 591]",0.9118888974189758,True,"[297, 274, 364, 374]",neutral,0.754158446643077,0.56103469519221
frame000180.png,computer_work,0.12463242560625076,008,"[926, 278, 1213, 597]",0.6172285079956055,True,"[1037, 322, 1078, 365]",fear,0.47737796714844716,0.4056267204025935
frame000180.png,computer_work,0.12463242560625076,007,"[519, 270, 653, 458]",0.7230910062789917,True,"[602, 301, 651, 359]",neutral,0.563292076729402,0.3572437753434332
frame000180.png,computer_work,0.12463242560625076,011,"[774, 244, 894, 397]",0.8042100667953491,True,"[836, 268, 855, 302]",sad,0.9994877209789534,0.997269490786815
frame000181.png,computer_work,0.1617748737335205,002,"[161, 217, 517, 588]",0.9099947214126587,True,"[291, 276, 358, 376]",fear,0.8082967201075033,0.627132308353858
frame000181.png,computer_work,0.1617748737335205,008,"[933, 279, 1224, 608]",0.705810546875,True,"[1042, 323, 1084, 366]",fear,0.8709691130839814,0.7138562274884921
frame000181.png,computer_work,0.1617748737335205,007,"[523, 271, 665, 468]",0.7295262217521667,True,"[604, 302, 654, 361]",neutral,0.6464643281346125,0.45397955062129824
frame000181.png,computer_work,0.1617748737335205,011,"[786, 244, 907, 397]",0.8564056158065796,True,"[841, 269, 860, 302]",fear,0.6275591003882985,0.4839406250459505
frame000182.png,computer_work,0.1363242268562317,002,"[154, 220, 512, 590]",0.9144784808158875,True,"[286, 280, 354, 379]",neutral,0.7236539467869066,0.5142978220899761
frame000182.png,computer_work,0.1363242268562317,008,"[962, 281, 1231, 595]",0.6913334727287292,True,"[1041, 326, 1083, 367]",fear,0.9862175341298101,0.9466086826189429
frame000182.png,computer_work,0.1363242268562317,007,"[523, 271, 669, 471]",0.7878233194351196,True,"[606, 306, 648, 361]",fear,0.6563815566762302,0.5899514465837842
frame000182.png,computer_work,0.1363242268562317,011,"[791, 245, 913, 399]",0.8564040064811707,True,"[842, 273, 861, 307]",sad,0.9979322926354236,0.9907693446453839
frame000183.png,computer_work,0.10042273253202438,002,"[145, 222, 509, 596]",0.9084277153015137,True,"[284, 284, 353, 384]",neutral,0.692823731252344,0.48368338163273017
frame000183.png,computer_work,0.10042273253202438,008,"[946, 282, 1231, 623]",0.6868289113044739,True,"[1038, 326, 1082, 368]",fear,0.9590019735494761,0.8664832032371946
frame000183.png,computer_work,0.10042273253202438,007,"[521, 272, 664, 466]",0.7413693070411682,True,"[602, 308, 644, 363]",sad,0.8865275621204378,0.7710500472506463
frame000183.png,computer_work,0.10042273253202438,011,"[792, 245, 917, 400]",0.8487698435783386,True,"[840, 271, 864, 316]",sad,0.9977430656440414,0.9897303825430925
frame000184.png,computer_work,0.12237869203090668,002,"[139, 225, 503, 597]",0.8980799317359924,True,"[272, 284, 340, 384]",fear,0.7662095829280475,0.5892692299491936
frame000184.png,computer_work,0.12237869203090668,008,"[935, 283, 1233, 651]",0.7919932007789612,True,"[1038, 328, 1080, 371]",fear,0.9528256662171241,0.8635196751674435
frame000184.png,computer_work,0.12237869203090668,007,"[523, 275, 661, 457]",0.8083589673042297,True,"[598, 310, 647, 366]",neutral,0.6822176383367732,0.5705768821919819
frame000184.png,computer_work,0.12237869203090668,011,"[793, 246, 922, 402]",0.6878654360771179,True,"[832, 267, 859, 317]",sad,0.7997690757844987,0.6217597239206353
frame000185.png,,,,,,,,,,
frame000186.png,,,,,,,,,,
frame000187.png,,,,,,,,,,
frame000188.png,,,,,,,,,,
frame000189.png,,,,,,,,,,
frame000190.png,,,,,,,,,,
frame000191.png,,,,,,,,,,
frame000192.png,,,,,,,,,,
frame000193.png,,,,,,,,,,
frame000194.png,,,,,,,,,,
frame000195.png,,,,,,,,,,
frame000196.png,,,,,,,,,,
frame000197.png,,,,,,,,,,
frame000198.png,phone_usage,0.08682608604431152,013,"[629, 24, 1275, 498]",0.8263403177261353,False,,,,
frame000199.png,group_activity,0.09677065163850784,013,"[630, 23, 1274, 495]",0.7434187531471252,False,,,,
frame000200.png,group_activity,0.1707255244255066,013,"[620, 23, 1201, 449]",0.8592650890350342,False,,,,
frame000201.png,group_activity,0.10271607339382172,013,"[627, 25, 1075, 349]",0.7056053876876831,False,,,,
frame000202.png,group_activity,0.18436671793460846,013,"[667, 26, 1010, 266]",0.7872099280357361,False,,,,
frame000203.png,group_activity,0.24501843750476837,013,"[624, 5, 1031, 286]",0.7829427123069763,False,,,,
frame000204.png,group_activity,0.17323146760463715,013,"[617, 18, 1022, 291]",0.7953068614006042,False,,,,
frame000205.png,group_activity,0.1383887678384781,013,"[617, 23, 1029, 296]",0.8146507143974304,False,,,,
frame000206.png,group_activity,0.1316567212343216,013,"[609, 25, 1044, 308]",0.8439045548439026,False,,,,
frame000207.png,group_activity,0.21501295268535614,013,"[602, 25, 1051, 311]",0.8383353352546692,False,,,,
frame000208.png,group_activity,0.21392588317394257,013,"[597, 25, 1073, 326]",0.8165578246116638,False,,,,
frame000209.png,group_activity,0.43596866726875305,013,"[439, 97, 1174, 582]",0.9222447276115417,True,"[748, 188, 831, 325]",sad,0.49429238870154313,0.3613788066300466
frame000209.png,group_activity,0.43596866726875305,002,"[64, 235, 521, 712]",0.9215602278709412,True,"[281, 259, 364, 398]",fear,0.889233859996918,0.7836161509382319
frame000209.png,group_activity,0.43596866726875305,008,"[952, 189, 1251, 584]",0.7988625764846802,True,"[1067, 210, 1113, 291]",sad,0.9329102863153,0.829888589697568
frame000209.png,group_activity,0.43596866726875305,007,"[544, 151, 780, 481]",0.8974379897117615,True,"[674, 166, 722, 237]",neutral,0.9584229381071475,0.874144884327951
frame000210.png,group_activity,0.43216919898986816,013,"[397, 123, 1189, 669]",0.9216193556785583,True,"[735, 188, 819, 322]",sad,0.37880206339936073,0.31950376526579416
frame000210.png,group_activity,0.43216919898986816,002,"[62, 234, 516, 717]",0.9244717955589294,True,"[271, 253, 353, 387]",sad,0.866022838650833,0.7385996488748054
frame000210.png,group_activity,0.43216919898986816,008,"[957, 184, 1240, 573]",0.8006476759910583,True,"[1064, 213, 1109, 289]",fear,0.9790869332165834,0.9330472520497843
frame000210.png,group_activity,0.43216919898986816,007,"[550, 145, 784, 485]",0.8335879445075989,True,"[675, 165, 724, 237]",sad,0.5011531216433448,0.542065656606187
frame000211.png,group_activity,0.4089556038379669,013,"[364, 133, 1166, 709]",0.9065669178962708,True,"[710, 190, 795, 328]",neutral,0.5303157081851181,0.3934875876850361
frame000211.png,group_activity,0.4089556038379669,002,"[53, 233, 503, 718]",0.9381123185157776,True,"[252, 251, 335, 378]",fear,0.8345620595352873,0.7138710533179031
frame000211.png,group_activity,0.4089556038379669,008,"[947, 183, 1227, 576]",0.8121108412742615,True,"[1048, 214, 1094, 292]",sad,0.630945973974064,0.5725330626052115
frame000211.png,group_activity,0.4089556038379669,007,"[553, 142, 782, 489]",0.6784901022911072,True,"[711, 185, 781, 326]",neutral,0.5221982232054334,0.4188716149120053
frame000212.png,group_activity,0.5767644643783569,013,"[346, 142, 1123, 720]",0.9247366786003113,True,"[669, 182, 754, 323]",fear,0.46878369615580195,0.3714728557299347
frame000212.png,group_activity,0.5767644643783569,002,"[34, 231, 483, 718]",0.9351893067359924,True,"[223, 251, 309, 380]",sad,0.4991724230677266,0.5605259931428733
frame000212.png,group_activity,0.5767644643783569,008,"[933, 183, 1212, 581]",0.7572534084320068,True,"[1027, 216, 1072, 296]",sad,0.9554724934417699,0.8583960345128457
frame000212.png,group_activity,0.5767644643783569,016,"[211, 163, 344, 382]",0.7650099396705627,True,"[255, 181, 310, 262]",fear,0.497257367078315,0.4000261711518942
frame000213.png,group_activity,0.3435620367527008,013,"[341, 141, 1090, 720]",0.9058675765991211,True,"[626, 184, 710, 324]",neutral,0.6372411884338172,0.4445579698882067
frame000213.png,group_activity,0.3435620367527008,002,"[14, 229, 462, 718]",0.9299407005310059,True,"[203, 251, 286, 375]",sad,0.7384773083788063,0.5257284369612971
frame000213.png,group_activity,0.3435620367527008,008,"[897, 183, 1209, 637]",0.7733438611030579,True,"[1024, 216, 1072, 297]",angry,0.9744558437088864,0.9176943411309895
frame000213.png,group_activity,0.3435620367527008,016,"[205, 161, 338, 381]",0.7779525518417358,True,"[248, 179, 302, 261]",fear,0.43300882869274476,0.2973400324276685
frame000214.png,group_activity,0.43817171454429626,013,"[346, 140, 1062, 720]",0.9152876734733582,True,"[610, 173, 694, 317]",fear,0.613888228197561,0.3651271254021957
frame000214.png,group_activity,0.43817171454429626,002,"[11, 226, 459, 718]",0.9365026354789734,True,"[215, 252, 296, 378]",sad,0.5201200540388095,0.541015788681994
frame000214.png,group_activity,0.43817171454429626,008,"[895, 185, 1216, 653]",0.8575636744499207,True,"[1048, 220, 1096, 303]",angry,0.9974487923432335,0.9886533503744923
frame000214.png,group_activity,0.43817171454429626,016,"[220, 160, 351, 378]",0.8023244142532349,True,"[268, 178, 322, 259]",fear,0.4950116648279139,0.32756243785067896
frame000215.png,group_activity,0.4215976297855377,002,"[16, 223, 464, 718]",0.9125445485115051,True,"[221, 248, 302, 378]",sad,0.5003336639831302,0.3174672090378392
frame000215.png,group_activity,0.4215976297855377,008,"[892, 185, 1221, 665]",0.8816990256309509,True,"[1055, 223, 1103, 306]",sad,0.9997123576624093,0.9983003500584571
frame000215.png,group_activity,0.4215976297855377,016,"[239, 158, 369, 375]",0.7199973464012146,True,"[286, 176, 340, 256]",fear,0.3517838497755261,0.2772068901823804
frame000215.png,group_activity,0.4215976297855377,007,"[521, 131, 876, 678]",0.9170405268669128,True,"[598, 176, 670, 315]",sad,0.9819619285263849,0.9371657410881012
frame000216.png,group_activity,0.4344567060470581,002,"[17, 219, 463, 717]",0.9100912809371948,True,"[289, 219, 350, 293]",sad,0.8757280331064127,0.7156581353904343
frame000216.png,group_activity,0.4344567060470581,008,"[881, 185, 1213, 668]",0.9243015646934509,True,"[1035, 226, 1083, 309]",fear,0.9998766024963412,0.9991723251787314
frame000216.png,group_activity,0.4344567060470581,016,"[250, 156, 381, 372]",0.7484387755393982,True,"[294, 175, 346, 252]",neutral,0.46820705357718917,0.32032177614673196
frame000216.png,group_activity,0.4344567060470581,007,"[512, 129, 878, 700]",0.8757205605506897,True,"[584, 175, 653, 306]",sad,0.8883383805946199,0.7721432066122724
frame000217.png,group_activity,0.5544938445091248,002,"[11, 216, 455, 717]",0.9187958836555481,True,"[220, 247, 296, 369]",sad,0.547406612198628,0.5658332047419499
frame000217.png,group_activity,0.5544938445091248,008,"[878, 185, 1208, 666]",0.8635245561599731,True,"[1012, 228, 1059, 312]",sad,0.9969434385823899,0.9862044487503827
frame000217.png,group_activity,0.5544938445091248,016,"[255, 154, 385, 370]",0.7800482511520386,True,"[295, 172, 347, 251]",neutral,0.8739379307765536,0.6864657704071905
frame000217.png,group_activity,0.5544938445091248,007,"[503, 127, 872, 710]",0.876906156539917,True,"[704, 168, 751, 237]",fear,0.5243750976446617,0.4045456155063667
frame000218.png,group_activity,0.336564302444458,002,"[0, 211, 444, 715]",0.928290843963623,True,"[191, 227, 274, 347]",sad,0.6945359451501856,0.5985749826157523
frame000218.png,group_activity,0.336564302444458,008,"[881, 181, 1206, 658]",0.8663085699081421,True,"[998, 221, 1043, 306]",angry,0.9912659636061979,0.9655773848910226
frame000218.png,group_activity,0.336564302444458,016,"[253, 151, 384, 369]",0.8165889382362366,True,"[294, 169, 346, 248]",neutral,0.9696356060929064,0.8954775052781561
frame000218.png,group_activity,0.336564302444458,007,"[488, 126, 853, 711]",0.8821602463722229,True,"[557, 161, 626, 286]",neutral,0.5200552094765304,0.475981485483454
frame000219.png,group_activity,0.39857882261276245,002,"[0, 207, 428, 715]",0.9301880598068237,True,"[170, 221, 250, 340]",sad,0.9337359525338788,0.8298946582132821
frame000219.png,group_activity,0.39857882261276245,008,"[865, 177, 1197, 666]",0.8441950082778931,True,"[994, 217, 1040, 302]",sad,0.9976897493337253,0.9896576677124882
frame000219.png,group_activity,0.39857882261276245,016,"[241, 149, 379, 374]",0.7820404171943665,True,"[288, 167, 342, 244]",neutral,0.8902485492467985,0.7022556420094157
frame000219.png,group_activity,0.39857882261276245,007,"[469, 120, 834, 711]",0.9122416973114014,True,"[700, 162, 751, 231]",fear,0.9242234023720294,0.8120024907160017
frame000219.png,group_activity,0.39857882261276245,017,"[679, 133, 788, 307]",0.8214714527130127,True,"[699, 161, 751, 231]",fear,0.9070844521523697,0.7763367916625075
frame000220.png,group_activity,0.44873687624931335,002,"[0, 205, 416, 715]",0.9313269257545471,True,"[152, 218, 229, 333]",neutral,0.5001003998710459,0.33704258783311936
frame000220.png,group_activity,0.44873687624931335,008,"[849, 173, 1189, 677]",0.8546561002731323,True,"[986, 212, 1034, 298]",sad,0.8860444823766207,0.7791747263327495
frame000220.png,group_activity,0.44873687624931335,016,"[233, 147, 373, 374]",0.8069659471511841,True,"[288, 166, 339, 243]",neutral,0.9713333068343811,0.897721192841145
frame000220.png,group_activity,0.44873687624931335,007,"[446, 114, 813, 711]",0.8639527559280396,True,"[701, 156, 751, 227]",sad,0.335915345628228,0.10481610203426528
frame000220.png,group_activity,0.44873687624931335,017,"[663, 134, 780, 319]",0.7455127239227295,True,"[699, 154, 751, 227]",surprise,0.8517817794378496,0.7198801479010761
frame000221.png,computer_work,0.079057976603508,007,"[304, 61, 708, 687]",0.9518457651138306,True,"[429, 116, 604, 363]",angry,0.9697114666637385,0.8967189681251846
frame000222.png,computer_work,0.13019981980323792,007,"[235, 41, 664, 682]",0.9506882429122925,True,"[416, 120, 593, 360]",angry,0.7998580985198352,0.6530651391298622
